,READRetro Retroformer,TL 700 Epochs 1e-5,TL 700 Epochs 1e-6,TL 700 Epochs 1e-7,TL 1000 Epochs 1e-5,TL 1000 Epochs 1e-6,TL 1000 Epochs 1e-7,TL 700 Epochs ExtraLayer,TL 1000 Epochs ExtraLayer,Merge Dataset
top1,0.125,0.046875,0.078125,0.140625,0.046875,0.078125,0.09375,0.046875,0.046875,0.203125
top3,0.203125,0.09375,0.09375,0.15625,0.078125,0.15625,0.15625,0.109375,0.09375,0.234375
top5,0.21875,0.09375,0.140625,0.1875,0.109375,0.171875,0.1875,0.140625,0.140625,0.265625
top10,0.25,0.171875,0.203125,0.34375,0.140625,0.265625,0.34375,0.234375,0.140625,0.40625
